code,name,date,close,doji_high,doji_low,entry,stop,stop_pct,dragon,over_limit,broke,outcome,hold_days,r
011070,LG이노텍,2025-06-10,148100,149300,145800,149598.6,145113.21,3.0,False,False,True,손절,3,-1.0
298050,HS효성첨단소재,2025-06-10,201500,208000,198300,208416.0,197250.0,5.36,False,True,False,미돌파,0,0.0
204320,HL만도,2025-06-12,34800,35050,34500,35120.1,34378.39,2.11,False,False,False,미돌파,0,0.0
457190,이수스페셜티케미컬,2025-06-12,41750,43050,41000,43136.1,40673.21,5.71,False,True,False,미돌파,0,0.0
298050,HS효성첨단소재,2025-06-12,198200,201500,197000,201903.0,195957.5,2.94,False,False,False,미돌파,0,0.0
021240,코웨이,2025-06-12,93800,94900,92300,95089.8,91755.71,3.51,False,False,False,미돌파,0,0.0
082920,비츠로셀,2025-06-13,15190,15468,14686,15498.94,14596.92,5.82,False,True,True,손절,4,-1.0
093320,케이아이엔엑스,2025-06-13,88100,88800,80500,88977.6,79977.14,10.12,True,True,True,+1R,6,1.0
090460,비에이치,2025-06-17,12470,12900,12330,12925.8,12278.3,5.01,False,True,False,미돌파,0,0.0
056190,SFA,2025-06-17,20800,21400,20550,21442.8,20453.57,4.61,False,False,True,+1R,2,1.0
080220,제주반도체,2025-06-17,13380,13900,13160,13927.8,13087.04,6.04,False,True,False,미돌파,0,0.0
128940,한미약품,2025-06-17,291500,294500,278000,295089.0,275958.93,6.48,False,True,False,미돌파,0,0.0
115180,큐리언트,2025-06-20,11990,11990,11410,12013.98,11271.68,6.18,True,True,True,손절,4,-1.0
000210,DL,2025-06-25,46200,48750,44800,48847.5,44441.88,9.02,False,True,False,미돌파,0,0.0
247540,에코프로비엠,2025-07-10,101500,103300,100600,103506.6,99904.64,3.48,False,False,True,+1R,6,1.0
012630,HDC,2025-07-14,22800,23100,20500,23146.2,20280.89,12.38,True,True,False,미돌파,0,0.0
347700,스피어,2025-07-14,10780,11330,10300,11352.66,10191.89,10.22,False,True,True,시간손절,6,-0.16597644168819375
950160,코오롱티슈진,2025-07-18,43900,45500,43000,45591.0,42676.96,6.39,False,True,False,미돌파,0,0.0
004370,농심,2025-07-18,410500,412000,402500,412824.0,400989.29,2.87,True,False,False,미돌파,0,0.0
032350,롯데관광개발,2025-07-23,17280,17440,16690,17474.88,16583.88,5.1,False,True,True,손절,3,-1.0
095610,테스,2025-07-23,25250,27750,24550,27805.5,24345.89,12.44,False,True,False,미돌파,0,0.0
267260,HD현대일렉트릭,2025-07-23,479500,503000,471000,504006.0,467432.14,7.26,False,True,False,미돌파,0,0.0
399720,가온칩스,2025-07-23,43800,53000,41200,53106.0,40864.91,23.05,False,True,False,미돌파,0,0.0
003570,SNT다이내믹스,2025-07-24,53000,55600,51900,55711.2,51506.79,7.55,False,True,False,미돌파,0,0.0
460860,동국제강,2025-07-31,10780,11220,10650,11242.44,10559.04,6.08,False,True,False,미돌파,0,0.0
028300,HLB,2025-07-31,48000,48350,46800,48446.7,46540.71,3.93,False,False,False,미돌파,0,0.0
033100,제룡전기,2025-08-05,40350,40850,39750,40931.7,39537.86,3.41,False,False,False,미돌파,0,0.0
293490,카카오게임즈,2025-08-07,16730,16810,16310,16843.62,16246.14,3.55,True,False,True,시간손절,6,0.010678232759653013
030200,KT,2025-08-07,54300,54500,53200,54609.0,53025.36,2.9,True,False,False,미돌파,0,0.0
032350,롯데관광개발,2025-08-08,17740,18450,17580,18486.9,17449.23,5.61,False,True,False,미돌파,0,0.0
028300,HLB,2025-08-11,40800,42050,39700,42134.1,39429.46,6.42,False,True,True,손절,4,-1.0
214150,클래시스,2025-08-11,59800,60900,58400,61021.8,58115.0,4.76,False,False,False,미돌파,0,0.0
336570,원텍,2025-08-12,12900,13220,12700,13246.44,12615.25,4.76,False,False,False,미돌파,0,0.0
248070,솔루엠,2025-08-13,15800,15920,15300,15951.84,15224.25,4.56,False,False,False,미돌파,0,0.0
214430,아이쓰리시스템,2025-08-13,93200,93400,88800,93586.8,87941.79,6.03,True,True,True,손절,2,-1.0
001740,SK네트웍스,2025-08-13,4505,4870,4430,4879.74,4411.95,9.59,False,True,False,미돌파,0,0.0
415640,KB발해인프라,2025-08-14,8400,8980,8280,8997.96,8252.57,8.28,False,True,False,미돌파,0,0.0
376900,로킷헬스케어,2025-08-18,15850,16630,15680,16663.26,15563.86,6.6,False,True,False,미돌파,0,0.0
071320,지역난방공사,2025-08-20,74800,75100,70900,75250.2,70345.0,6.52,True,True,True,시간손절,6,0.5198157057816204
006260,LS,2025-08-20,152000,154300,148600,154608.6,147567.14,4.55,False,False,False,미돌파,0,0.0
032500,케이엠더블유,2025-08-20,11430,11430,11090,11452.86,11013.93,3.83,True,False,True,+1R,2,1.0
103590,일진전기,2025-08-20,36650,37400,35600,37474.8,35283.93,5.85,False,True,False,미돌파,0,0.0
003550,LG,2025-08-20,73200,73600,72300,73747.2,72052.5,2.3,False,False,True,손절,2,-1.0
006650,대한유화,2025-08-20,97100,99400,94100,99598.8,93570.71,6.05,False,True,True,+1R,1,1.0
003240,태광산업,2025-08-20,910000,914000,889000,915828.0,884103.57,3.46,True,False,True,손절,5,-1.0
218410,RFHIC,2025-08-20,24000,24500,23000,24549.0,22799.64,7.13,False,True,True,시간손절,6,0.6007921277203876
248070,솔루엠,2025-08-21,14990,15190,14440,15220.38,14374.0,5.56,False,True,True,+1R,3,1.0
000810,삼성화재,2025-08-22,443000,449000,440000,449898.0,438245.54,2.59,False,False,False,미돌파,0,0.0
196170,알테오젠,2025-08-29,337404,343560,330864,344247.12,328547.38,4.56,False,False,True,+1R,1,1.0
007310,오뚜기,2025-09-01,394000,397500,388500,398295.0,387637.5,2.68,False,False,False,미돌파,0,0.0
035760,CJ ENM,2025-09-01,74200,77000,73100,77154.0,72608.21,5.89,False,True,False,미돌파,0,0.0
065350,신성델타테크,2025-09-01,59300,66300,58000,66432.6,57648.57,13.22,False,True,False,미돌파,0,0.0
001530,DI동일,2025-09-02,38048,38477,35381,38553.95,35185.54,8.74,True,True,False,미돌파,0,0.0
099190,아이센스,2025-09-05,16890,17010,16600,17044.02,16508.93,3.14,False,False,True,+1R,4,1.0
005690,파미셀,2025-09-08,11380,11720,11220,11743.44,11132.46,5.2,False,True,False,미돌파,0,0.0
018290,브이티,2025-09-08,31850,32350,31500,32414.7,31264.29,3.55,False,False,False,미돌파,0,0.0
237690,에스티팜,2025-09-10,93700,96600,93000,96793.2,92482.5,4.45,False,False,False,미돌파,0,0.0
060370,LS마린솔루션,2025-09-10,23350,23450,22650,23496.9,22494.64,4.27,True,False,True,+1R,2,1.0
280360,롯데웰푸드,2025-09-10,112100,112900,111500,113125.8,111206.43,1.7,False,False,False,미돌파,0,0.0
295310,에이치브이엠,2025-09-10,26400,26800,25450,26853.6,25272.68,5.89,False,True,True,손절,5,-1.0
003690,코리안리,2025-09-11,11200,11230,10900,11252.46,10865.07,3.44,True,False,True,손절,4,-1.0
450080,에코프로머티,2025-09-11,49000,49250,48300,49348.5,48056.79,2.62,False,False,True,+1R,2,1.0
161890,한국콜마,2025-09-11,79000,79800,78100,79959.6,77855.71,2.63,False,False,False,미돌파,0,0.0
066570,LG전자,2025-09-11,75900,76600,75600,76753.2,75421.07,1.74,False,False,True,+1R,4,1.0
015750,성우하이텍,2025-09-11,6120,6210,6070,6222.42,6049.64,2.78,False,False,False,미돌파,0,0.0
281740,레이크머티리얼즈,2025-09-17,12410,12640,12220,12665.28,12170.93,3.9,False,False,True,+1R,2,1.0
003030,세아제강지주,2025-09-17,170500,172400,168700,172744.8,168007.86,2.74,False,False,False,미돌파,0,0.0
001430,세아베스틸지주,2025-09-19,26100,26500,25900,26553.0,25775.18,2.93,False,False,False,미돌파,0,0.0
079940,가비아,2025-09-24,27350,30000,25900,30060.0,25651.96,14.66,False,True,False,미돌파,0,0.0
033240,자화전자,2025-09-24,21300,21400,20000,21442.8,19844.32,7.45,True,True,True,시간손절,6,-0.714929821660775
388720,유일로보틱스,2025-09-25,72100,76400,71200,76552.8,70700.71,7.64,False,True,False,미돌파,0,0.0
101160,월덱스,2025-09-29,23150,23600,22900,23647.2,22741.96,3.83,False,False,True,+1R,3,1.0
003530,한화투자증권,2025-09-30,6370,6690,5940,6703.38,5892.96,12.09,False,True,False,미돌파,0,0.0
440110,파두,2025-09-30,22100,23650,21650,23697.3,21387.5,9.75,False,True,False,미돌파,0,0.0
036460,한국가스공사,2025-10-02,38800,39200,38250,39278.4,38133.75,2.91,False,False,False,미돌파,0,0.0
161890,한국콜마,2025-10-02,77300,77800,75700,77955.6,75419.29,3.25,False,False,False,미돌파,0,0.0
000120,CJ대한통운,2025-10-02,83900,85200,83600,85370.4,83356.79,2.36,False,False,False,미돌파,0,0.0
011790,SKC,2025-10-02,97001,100197,96343,100397.39,95798.14,4.58,False,False,False,미돌파,0,0.0
003550,LG,2025-10-02,72000,72600,71200,72745.2,70962.14,2.45,False,False,True,손절,2,-1.0
180640,한진칼,2025-10-02,99600,101700,95700,101903.4,95040.0,6.74,False,True,False,미돌파,0,0.0
026960,동서,2025-10-02,27250,27500,26850,27555.0,26746.07,2.94,False,False,False,미돌파,0,0.0
105560,KB금융,2025-10-02,116800,119300,115300,119538.6,114915.36,3.87,False,False,False,미돌파,0,0.0
032830,삼성생명,2025-10-10,160000,161000,156500,161322.0,155813.21,3.41,False,False,False,미돌파,0,0.0
281740,레이크머티리얼즈,2025-10-10,12840,13130,12520,13156.26,12436.43,5.47,False,True,True,손절,1,-1.0
111770,영원무역,2025-10-10,62100,63700,61500,63827.4,61136.79,4.22,False,False,False,미돌파,0,0.0
222080,SFA넥셀,2025-10-10,6390,6430,6240,6442.86,6215.36,3.53,False,False,True,+1R,1,1.0
007390,네이처셀,2025-10-13,20100,20450,18050,20490.9,17944.73,12.43,True,True,False,미돌파,0,0.0
021240,코웨이,2025-10-13,93300,95000,92100,95190.0,91567.5,3.81,False,False,False,미돌파,0,0.0
192080,더블유게임즈,2025-10-14,50000,50500,49550,50601.0,49370.0,2.43,False,False,True,시간손절,6,-0.4882209585702681
138930,BNK금융지주,2025-10-14,13960,14080,13760,14108.16,13707.07,2.84,False,False,True,+1R,1,1.0
145020,휴젤,2025-10-14,266000,268000,260000,268536.0,258607.14,3.7,False,False,True,손절,3,-1.0
161000,애경케미칼,2025-10-14,10220,10480,10140,10500.96,10095.86,3.86,False,False,False,미돌파,0,0.0
069960,현대백화점,2025-10-14,81300,85000,78600,85170.0,78118.93,8.28,False,True,False,미돌파,0,0.0
030000,제일기획,2025-10-14,20500,20650,20350,20691.3,20281.27,1.98,False,False,False,미돌파,0,0.0
214150,클래시스,2025-10-15,46800,47150,45900,47244.3,45682.5,3.31,False,False,True,손절,3,-1.0
347700,스피어,2025-10-15,11030,11610,10780,11633.22,10676.93,8.22,False,True,False,미돌파,0,0.0
023530,롯데쇼핑,2025-10-15,67000,67200,66400,67334.4,66170.71,1.73,False,False,True,손절,3,-1.0
000080,하이트진로,2025-10-15,18810,18920,18750,18957.84,18731.04,1.2,False,False,False,미돌파,0,0.0
003690,코리안리,2025-10-15,10900,10920,10750,10941.84,10714.43,2.08,True,False,True,손절,2,-1.0
140410,메지온,2025-10-20,60500,60900,55700,61021.8,54942.5,9.96,True,True,True,시간손절,6,-0.15162929942592115
145020,휴젤,2025-10-21,263500,263500,257500,264027.0,256075.0,3.01,True,False,False,미돌파,0,0.0
024110,기업은행,2025-10-21,19440,19750,19350,19789.5,19299.21,2.48,False,False,False,미돌파,0,0.0
000810,삼성화재,2025-10-23,454500,463000,450500,463926.0,448828.57,3.25,False,False,False,미돌파,0,0.0
018670,SK가스,2025-10-23,239500,243000,236500,243486.0,235551.79,3.26,False,False,False,미돌파,0,0.0
035250,강원랜드,2025-10-27,17090,17180,17020,17214.36,16981.64,1.35,False,False,True,손절,2,-1.0
440110,파두,2025-10-27,23850,26750,22550,26803.5,22252.68,16.98,False,True,False,미돌파,0,0.0
018670,SK가스,2025-10-27,239000,242500,237000,242985.0,236003.57,2.87,False,False,True,+1R,1,1.0
115180,큐리언트,2025-10-27,18460,18740,17500,18777.48,17183.29,8.49,False,True,True,+1R,4,1.0
219130,타이거일렉,2025-10-27,23000,23700,22350,23747.4,22078.93,7.03,False,True,False,미돌파,0,0.0
383220,F&F,2025-10-27,65100,66000,64100,66132.0,63783.93,3.55,False,False,False,미돌파,0,0.0
003230,삼양식품,2025-10-28,1261000,1289000,1244000,1291578.0,1235717.86,4.32,False,False,False,미돌파,0,0.0
034220,LG디스플레이,2025-10-29,14500,14790,14250,14819.58,14150.25,4.52,False,False,False,미돌파,0,0.0
192080,더블유게임즈,2025-10-30,50100,50500,49650,50601.0,49514.46,2.15,False,False,False,미돌파,0,0.0
001680,대상,2025-10-30,20950,21150,20850,21192.3,20788.66,1.9,False,False,False,미돌파,0,0.0
251270,넷마블,2025-10-30,54800,55300,53800,55410.6,53521.43,3.41,False,False,False,미돌파,0,0.0
295310,에이치브이엠,2025-10-30,23550,25650,22900,25701.3,22702.32,11.67,False,True,False,미돌파,0,0.0
005940,NH투자증권,2025-10-31,20350,20900,20100,20941.8,19985.04,4.57,False,False,True,손절,3,-1.0
081660,미스토홀딩스,2025-10-31,36800,37600,36450,37675.2,36295.98,3.66,False,False,True,+1R,2,1.0
298050,HS효성첨단소재,2025-11-03,185000,186400,181500,186772.8,180566.79,3.32,False,False,True,+1R,1,1.0
489790,한화비전,2025-11-03,49650,49900,48550,49999.8,48255.89,3.49,True,False,True,손절,2,-1.0
213420,덕산네오룩스,2025-11-03,42400,44000,40750,44088.0,40473.57,8.2,False,True,False,미돌파,0,0.0
183300,코미코,2025-11-03,55617,56279,53936,56391.56,53479.8,5.16,False,True,True,+1R,1,1.0
088980,맥쿼리인프라,2025-11-03,10990,11070,10940,11092.14,10926.61,1.49,False,False,True,+1R,3,1.0
036530,SNT홀딩스,2025-11-04,62000,65000,60600,65130.0,60213.21,7.55,False,True,False,미돌파,0,0.0
101160,월덱스,2025-11-05,25000,25300,23600,25350.6,23440.36,7.54,False,True,True,손절,2,-1.0
053800,안랩,2025-11-05,60800,61000,59600,61122.0,59431.79,2.77,True,False,True,시간손절,6,-0.19050838862358993
000150,두산,2025-11-05,930000,938000,869000,939876.0,858714.29,8.64,True,True,True,+1R,4,1.0
032190,다우데이타,2025-11-05,17150,17260,16390,17294.52,16272.25,5.91,True,True,True,+1R,4,1.0
079160,CJ CGV,2025-11-05,4865,4915,4740,4924.83,4722.86,4.1,False,False,False,미돌파,0,0.0
030520,한컴,2025-11-05,24800,24900,23350,24949.8,23224.64,6.91,True,True,True,시간손절,6,0.26096173433476116
001680,대상,2025-11-06,20950,21150,20400,21192.3,20339.46,4.02,False,False,False,미돌파,0,0.0
001500,현대차증권,2025-11-06,8250,8320,7990,8336.64,7941.46,4.74,False,False,False,미돌파,0,0.0
085620,미래에셋생명,2025-11-07,9140,9390,8580,9408.78,8535.0,9.29,False,True,True,시간손절,6,0.34473208359083424
045100,한양이엔지,2025-11-07,20300,21150,19990,21192.3,19894.21,6.13,False,True,False,미돌파,0,0.0
006800,미래에셋증권,2025-11-07,23000,23946,22452,23993.89,22191.44,7.51,False,True,True,시간손절,6,-0.38608058590639444
251970,펌텍코리아,2025-11-10,52000,52700,50600,52805.4,50278.57,4.79,False,False,False,미돌파,0,0.0
323410,카카오뱅크,2025-11-10,21700,22100,21500,22144.2,21394.2,3.39,False,False,True,손절,6,-1.0
222800,심텍,2025-11-10,53700,55100,48700,55210.2,47767.32,13.48,True,True,True,시간손절,6,0.09267919574127947
067310,하나마이크론,2025-11-11,24700,25875,24350,25926.75,24027.77,7.32,False,True,True,시간손절,6,-0.0140864937043341
064760,티씨케이,2025-11-11,171600,180000,169000,180360.0,167617.86,7.06,False,True,False,미돌파,0,0.0
009420,한올바이오파마,2025-11-12,40700,40950,38700,41031.9,38205.0,6.89,True,True,True,+1R,2,1.0
443060,HD현대마린솔루션,2025-11-19,202500,204500,191600,204909.0,189768.93,7.39,True,True,True,손절,4,-1.0
420770,기가비스,2025-11-19,32150,35350,31150,35420.7,30870.36,12.85,False,True,False,미돌파,0,0.0
207940,삼성바이오로직스,2025-11-24,1789000,1841000,1650000,1844682.0,1647953.57,10.66,False,True,False,미돌파,0,0.0
214430,아이쓰리시스템,2025-11-24,67800,68400,64000,68536.8,63337.86,7.59,True,True,True,시간손절,6,-0.02631304166231652
051910,LG화학,2025-11-27,395500,402500,386000,403305.0,383018.75,5.03,False,True,False,미돌파,0,0.0
348370,엔켐,2025-11-28,76000,78000,72600,78156.0,71625.0,8.36,False,True,False,미돌파,0,0.0
007340,DN오토모티브,2025-11-28,24100,24600,23650,24649.2,23523.57,4.57,False,False,False,미돌파,0,0.0
087010,펩트론,2025-12-01,317500,332000,305000,332664.0,300001.79,9.82,False,True,False,미돌파,0,0.0
007310,오뚜기,2025-12-04,390000,391500,388500,392283.0,387739.29,1.16,False,False,False,미돌파,0,0.0
038500,삼표시멘트,2025-12-05,3100,3135,3070,3141.27,3054.89,2.75,False,False,False,미돌파,0,0.0
099190,아이센스,2025-12-05,16730,16790,16470,16823.58,16383.75,2.61,False,False,False,미돌파,0,0.0
094170,동운아나텍,2025-12-08,29800,30500,25100,30561.0,24742.04,19.04,True,True,False,미돌파,0,0.0
030190,NICE평가정보,2025-12-08,16850,16890,16540,16923.78,16444.43,2.83,True,False,True,+1R,3,1.0
347850,디앤디파마텍,2025-12-09,84900,88200,83000,88376.4,81633.93,7.63,False,True,True,손절,1,-1.0
108320,LX세미콘,2025-12-10,52300,53300,51700,53406.6,51537.14,3.5,False,False,True,손절,4,-1.0
310210,보로노이,2025-12-10,220500,224000,211500,224448.0,209158.93,6.81,False,True,False,미돌파,0,0.0
003090,대웅,2025-12-10,24350,25000,24100,25050.0,23958.04,4.36,False,False,True,손절,2,-1.0
039130,하나투어,2025-12-11,48750,49000,47850,49098.0,47695.18,2.86,False,False,True,시간손절,6,-0.7114234069095451
373220,LG에너지솔루션,2025-12-11,446000,446000,433000,446892.0,430573.21,3.65,True,False,False,미돌파,0,0.0
000080,하이트진로,2025-12-12,18940,19300,18830,19338.6,18801.82,2.78,False,False,False,미돌파,0,0.0
000240,한국앤컴퍼니,2025-12-15,26050,26700,25700,26753.4,25519.46,4.61,False,False,False,미돌파,0,0.0
489790,한화비전,2025-12-15,37600,37850,36600,37925.7,36366.96,4.11,False,False,True,손절,3,-1.0
225570,넥슨게임즈,2025-12-16,12220,12320,12080,12344.64,12040.04,2.47,False,False,False,미돌파,0,0.0
003690,코리안리,2025-12-16,11590,11870,11400,11893.74,11358.75,4.5,False,False,False,미돌파,0,0.0
192080,더블유게임즈,2025-12-18,54100,54500,53600,54609.0,53433.93,2.15,False,False,False,미돌파,0,0.0
001680,대상,2025-12-19,21400,21400,21100,21442.8,21044.29,1.86,True,False,True,손절,5,-1.0
031210,서울보증보험,2025-12-19,50200,51300,49800,51402.6,49643.57,3.42,False,False,False,미돌파,0,0.0
096770,SK이노베이션,2025-12-19,105800,106300,102500,106512.6,102005.0,4.23,True,False,False,미돌파,0,0.0
112040,위메이드,2025-12-19,26050,26600,25650,26653.2,25510.18,4.29,False,False,False,미돌파,0,0.0
006400,삼성SDI,2025-12-19,279500,280000,267500,280560.0,265927.68,5.22,True,True,True,손절,5,-1.0
285130,SK케미칼,2025-12-29,65600,66300,64700,66432.6,64296.07,3.22,False,False,False,미돌파,0,0.0
066970,엘앤에프,2025-12-30,95200,100000,92700,100200.0,91663.93,8.52,False,True,False,미돌파,0,0.0
001680,대상,2026-01-05,20550,20800,20500,20841.6,20437.86,1.94,False,False,False,미돌파,0,0.0
017960,한국카본,2026-01-05,28100,28400,27450,28456.8,27180.54,4.48,False,False,True,+1R,1,1.0
001720,신영증권,2026-01-05,132500,134700,130500,134969.4,129726.43,3.88,False,False,True,손절,4,-1.0
005850,에스엘,2026-01-06,42050,43900,41400,43987.8,41146.61,6.46,False,True,True,+1R,5,1.0
225570,넥슨게임즈,2026-01-06,12620,13570,11760,13597.14,11693.68,14.0,False,True,False,미돌파,0,0.0
032640,LG유플러스,2026-01-07,14470,14640,14210,14669.28,14162.0,3.46,False,False,False,미돌파,0,0.0
073240,금호타이어,2026-01-07,5520,5620,5450,5631.24,5420.75,3.74,False,False,False,미돌파,0,0.0
035760,CJ ENM,2026-01-07,62000,62100,60700,62224.2,60338.93,3.03,True,False,False,미돌파,0,0.0
192080,더블유게임즈,2026-01-07,53400,53800,52700,53907.6,52529.64,2.56,False,False,False,미돌파,0,0.0
015750,성우하이텍,2026-01-07,6670,6780,6600,6793.56,6562.07,3.41,False,False,False,미돌파,0,0.0
002790,아모레퍼시픽홀딩스,2026-01-08,25850,26100,25250,26152.2,25115.0,3.97,False,False,True,시간손절,6,-0.1467412263787125
009830,한화솔루션,2026-01-08,24995,25137,24430,25187.27,24320.84,3.44,False,False,False,미돌파,0,0.0
004170,신세계,2026-01-08,256000,260000,250500,260520.0,248592.86,4.58,False,False,True,+1R,2,1.0
033100,제룡전기,2026-01-12,37750,38650,37100,38727.3,36898.57,4.72,False,False,True,+1R,5,1.0
462870,시프트업,2026-01-12,33300,33700,32400,33767.4,32275.18,4.42,False,False,False,미돌파,0,0.0
252990,샘씨엔에스,2026-01-13,6580,6990,6470,7003.98,6416.54,8.39,False,True,False,미돌파,0,0.0
000100,유한양행,2026-01-16,107900,109700,106300,109919.4,105938.93,3.62,False,False,False,미돌파,0,0.0
099190,아이센스,2026-01-16,15040,15200,14630,15230.4,14555.96,4.43,False,False,False,미돌파,0,0.0
003540,대신증권,2026-01-16,27250,27800,27000,27855.6,26883.21,3.49,False,False,False,미돌파,0,0.0
032830,삼성생명,2026-01-19,167000,168400,159300,168736.8,158299.29,6.19,False,True,True,+1R,3,1.0
181710,NHN,2026-01-19,30400,30750,29500,30811.5,29271.25,5.0,False,False,True,+1R,5,1.0
000500,가온전선,2026-01-20,51400,57235,49178,57349.47,48718.97,15.05,False,True,False,미돌파,0,0.0
051900,LG생활건강,2026-01-21,269500,273000,265000,273546.0,264089.29,3.46,False,False,True,손절,6,-1.0
086900,메디톡스,2026-01-21,118000,118000,114700,118236.0,114239.29,3.38,True,False,True,+1R,2,1.0
161580,필옵틱스,2026-01-23,46000,46000,44400,46092.0,44090.36,4.34,True,False,True,+1R,1,1.0
319400,현대무벡스,2026-01-26,31550,36150,28750,36222.3,27458.93,24.19,False,True,False,미돌파,0,0.0
108320,LX세미콘,2026-01-27,52200,52600,51300,52705.2,51118.93,3.01,False,False,True,+1R,1,1.0
035250,강원랜드,2026-01-27,17550,17660,17500,17695.32,17464.43,1.3,False,False,False,미돌파,0,0.0
415640,KB발해인프라,2026-01-28,10000,10100,9960,10120.2,9922.61,1.95,False,False,False,미돌파,0,0.0
030530,원익홀딩스,2026-01-29,43100,44800,41650,44889.6,41220.36,8.17,False,True,False,미돌파,0,0.0
008770,호텔신라,2026-01-30,46200,46600,45700,46693.2,45550.54,2.45,False,False,True,+1R,1,1.0
375500,DL이앤씨,2026-01-30,44400,44800,42650,44889.6,42354.29,5.65,True,True,True,+1R,6,1.0
006120,SK디스커버리,2026-01-30,57900,58500,56500,58617.0,56116.43,4.27,False,False,False,미돌파,0,0.0
214430,아이쓰리시스템,2026-02-06,109700,110000,98800,110220.0,97158.57,11.85,True,True,True,시간손절,6,0.41189981406540543
456040,OCI,2026-02-06,74800,79700,71700,79859.4,71132.14,10.93,False,True,True,+1R,4,1.0
007070,GS리테일,2026-02-06,20800,21200,20200,21242.4,20045.18,5.64,False,True,True,+1R,2,1.0
011170,롯데케미칼,2026-02-23,86200,87700,81400,87875.4,80648.93,8.22,False,True,True,+1R,1,1.0
347700,스피어,2026-02-25,43050,46950,35050,47043.9,34240.27,27.22,False,True,False,미돌파,0,0.0
415640,KB발해인프라,2026-02-26,10020,10100,10000,10120.2,9985.0,1.34,False,False,False,미돌파,0,0.0
010140,삼성중공업,2026-02-27,28950,29500,28850,29559.0,28711.79,2.87,False,False,True,손절,1,-1.0
036810,에프에스티,2026-02-27,44050,45200,42850,45290.4,42430.54,6.31,False,True,False,미돌파,0,0.0
097230,HJ중공업,2026-02-27,25300,25850,24850,25901.7,24652.32,4.82,False,False,True,손절,1,-1.0
950160,코오롱티슈진,2026-03-03,105100,112800,100000,113025.6,98938.75,12.46,False,True,False,미돌파,0,0.0
033500,동성화인텍,2026-03-03,29450,31250,29000,31312.5,28757.86,8.16,False,True,False,미돌파,0,0.0
069620,대웅제약,2026-03-03,178600,186400,173000,186772.8,171632.32,8.11,False,True,False,미돌파,0,0.0
089030,테크윙,2026-03-04,51000,58500,47100,58617.0,46474.82,20.71,False,True,True,+1R,2,1.0
089860,롯데렌탈,2026-03-04,31750,32150,30400,32214.3,30256.43,6.08,False,True,True,시간손절,6,0.06930996490357648
052020,에스티큐브,2026-03-04,7950,8580,7800,8597.16,7727.25,10.12,False,True,True,+1R,2,1.0
139130,iM금융지주,2026-03-05,17250,17600,16700,17635.2,16527.07,6.28,False,True,False,미돌파,0,0.0
006110,삼아알미늄,2026-03-05,30350,31000,28200,31062.0,27869.46,10.28,False,True,True,+1R,6,1.0
253450,스튜디오드래곤,2026-03-05,38900,40450,38250,40530.9,37980.0,6.29,False,True,True,시간손절,6,-0.4433337253518369
007390,네이처셀,2026-03-05,19770,20700,19060,20741.4,18884.98,8.95,False,True,False,미돌파,0,0.0
018260,삼성에스디에스,2026-03-05,166900,170300,163800,170640.6,162595.71,4.71,False,False,False,미돌파,0,0.0
011200,HMM,2026-03-05,21250,21650,20700,21693.3,20488.5,5.55,False,True,True,손절,2,-1.0
018290,브이티,2026-03-09,14510,14690,14050,14719.38,13907.07,5.52,False,True,True,+1R,2,1.0
087010,펩트론,2026-03-10,289000,325500,267500,326151.0,263096.43,19.33,False,True,False,미돌파,0,0.0
353200,대덕전자,2026-03-10,64600,68200,60900,68336.4,59985.0,12.22,False,True,False,미돌파,0,0.0
010780,아이에스동서,2026-03-11,30850,32400,29900,32464.8,29579.64,8.89,False,True,True,시간손절,6,-0.022459781839067706
145020,휴젤,2026-03-12,244500,247500,232500,247995.0,230367.86,7.11,False,True,False,미돌파,0,0.0
128940,한미약품,2026-03-12,488000,495000,465500,495990.0,459671.43,7.32,False,True,True,+1R,3,1.0
005880,대한해운,2026-03-17,2370,2695,2280,2700.39,2232.46,17.33,False,True,False,미돌파,0,0.0
006120,SK디스커버리,2026-03-19,60300,61800,58300,61923.6,57722.5,6.78,False,True,True,손절,4,-1.0
081660,미스토홀딩스,2026-03-20,44550,45000,43700,45090.0,43360.89,3.83,False,False,False,미돌파,0,0.0
071320,지역난방공사,2026-03-24,91600,91900,89500,92083.8,89072.5,3.27,True,False,True,손절,3,-1.0
161580,필옵틱스,2026-03-24,39250,40900,34000,40981.8,33468.04,18.33,False,True,False,미돌파,0,0.0
229640,LS에코에너지,2026-03-24,44950,47600,43650,47695.2,43144.82,9.54,False,True,False,미돌파,0,0.0
174900,앱클론,2026-03-25,66900,72700,63400,72845.4,62136.25,14.7,False,True,True,손절,3,-1.0
000810,삼성화재,2026-03-27,443000,445500,432500,446391.0,429526.79,3.78,False,False,True,손절,1,-1.0
011170,롯데케미칼,2026-03-27,82700,83500,78100,83667.0,77368.21,7.53,True,True,False,미돌파,0,0.0
285130,SK케미칼,2026-03-30,52800,52900,51500,53005.8,51085.36,3.62,True,False,False,미돌파,0,0.0
069960,현대백화점,2026-03-31,79200,81400,78200,81562.8,77579.64,4.88,False,False,True,손절,2,-1.0
475830,오름테라퓨틱,2026-04-01,86500,90800,83800,90981.6,82135.54,9.72,False,True,False,미돌파,0,0.0
082270,젬백스,2026-04-01,33450,34550,32300,34619.1,31779.29,8.2,False,True,False,미돌파,0,0.0
032350,롯데관광개발,2026-04-01,18120,18570,17630,18607.14,17433.18,6.31,False,True,False,미돌파,0,0.0
192080,더블유게임즈,2026-04-01,50800,51200,49800,51302.4,49564.82,3.39,False,False,True,손절,1,-1.0
012450,한화에어로스페이스,2026-04-02,1417000,1478000,1383000,1480956.0,1370753.57,7.44,False,True,False,미돌파,0,0.0
445680,큐리옥스바이오시스템즈,2026-04-03,77400,84300,71700,84468.6,69370.71,17.87,False,True,False,미돌파,0,0.0
006120,SK디스커버리,2026-04-07,51600,51900,47500,52003.8,47011.43,9.6,True,True,True,+1R,2,1.0
466100,클로봇,2026-04-07,38692,40539,37982,40620.08,37382.73,7.97,False,True,True,+1R,2,1.0
281740,레이크머티리얼즈,2026-04-08,20150,20650,19810,20691.3,19605.04,5.25,False,True,False,미돌파,0,0.0
000150,두산,2026-04-08,1204000,1224000,1134000,1226448.0,1119042.86,8.76,False,True,True,+1R,4,1.0
082270,젬백스,2026-04-08,30050,31700,29100,31763.4,28518.21,10.22,False,True,True,손절,1,-1.0
240810,원익IPS,2026-04-10,122100,125400,120600,125650.8,119198.57,5.14,False,True,False,미돌파,0,0.0
089860,롯데렌탈,2026-04-14,31800,31950,31250,32013.9,31116.61,2.8,False,False,True,+1R,3,1.0
229640,LS에코에너지,2026-04-14,44500,45550,43450,45641.1,43048.21,5.68,False,True,True,+1R,1,1.0
491000,리브스메드,2026-04-15,61800,62500,57400,62625.0,56641.43,9.55,True,True,True,손절,5,-1.0
018880,한온시스템,2026-04-16,4085,4140,3940,4148.28,3913.11,5.67,False,True,True,+1R,3,1.0
083650,비에이치아이,2026-04-16,97400,101800,96600,102003.6,95690.89,6.19,False,True,False,미돌파,0,0.0
267250,HD현대,2026-04-21,257000,258500,249000,259017.0,247210.71,4.56,False,False,True,+1R,2,1.0
069260,TKG휴켐스,2026-04-23,18080,20000,17720,20040.0,17648.96,11.93,False,True,False,미돌파,0,0.0
214450,파마리서치,2026-04-23,310000,312500,301000,313125.0,299382.14,4.39,False,False,True,+1R,1,1.0
012450,한화에어로스페이스,2026-04-24,1463000,1525000,1440000,1528050.0,1430217.86,6.4,False,True,False,미돌파,0,0.0
086280,현대글로비스,2026-04-27,229500,239000,222500,239478.0,221021.43,7.71,False,True,True,손절,5,-1.0
001270,부국증권,2026-04-27,74600,76700,74200,76853.4,73855.0,3.9,False,False,False,미돌파,0,0.0
058470,리노공업,2026-04-28,111400,112200,109300,112424.4,108433.75,3.55,False,False,False,미돌파,0,0.0
000370,한화손해보험,2026-04-29,6800,6920,6590,6933.84,6557.86,5.42,False,True,False,미돌파,0,0.0
008930,한미사이언스,2026-04-30,37700,38100,37050,38176.2,36918.21,3.3,False,False,True,손절,2,-1.0
012450,한화에어로스페이스,2026-04-30,1417000,1458000,1379000,1460916.0,1370557.14,6.19,False,True,True,손절,3,-1.0
051900,LG생활건강,2026-04-30,254000,262000,251000,262524.0,250132.14,4.72,False,False,True,+1R,1,1.0
084370,유진테크,2026-05-04,132000,135900,130100,136171.8,128985.71,5.28,False,True,True,+1R,1,1.0
207940,삼성바이오로직스,2026-05-04,1485000,1486000,1460000,1488972.0,1454921.43,2.29,True,False,True,손절,4,-1.0
018260,삼성에스디에스,2026-05-06,170000,175500,167800,175851.0,166410.36,5.37,False,True,True,+1R,4,1.0
012330,현대모비스,2026-05-06,432500,441500,427000,442383.0,424273.21,4.09,False,False,True,+1R,2,1.0
000080,하이트진로,2026-05-07,16850,16900,16700,16933.8,16668.18,1.57,False,False,True,손절,2,-1.0
145020,휴젤,2026-05-07,259500,268500,236500,269037.0,234619.64,12.79,False,True,True,+1R,2,1.0
000810,삼성화재,2026-05-07,490000,495500,475500,496491.0,473271.43,4.68,False,False,True,손절,1,-1.0
122870,와이지엔터테인먼트,2026-05-08,50200,51100,49600,51202.2,49349.29,3.62,False,False,False,미돌파,0,0.0
014820,동원시스템즈,2026-05-08,26750,27500,26150,27555.0,25985.0,5.7,False,True,False,미돌파,0,0.0
012750,에스원,2026-05-08,72900,74600,72400,74749.2,71936.07,3.76,False,False,False,미돌파,0,0.0
466100,클로봇,2026-05-11,47927,49537,46033,49636.07,45594.6,8.14,False,True,True,손절,1,-1.0
042660,한화오션,2026-05-11,130500,135900,129200,136171.8,128536.79,5.61,False,True,False,미돌파,0,0.0
388720,유일로보틱스,2026-05-11,101000,104000,98200,104208.0,97291.43,6.64,False,True,True,손절,1,-1.0
088980,맥쿼리인프라,2026-05-12,11220,11230,11160,11252.46,11148.75,0.92,True,False,False,미돌파,0,0.0
030520,한컴,2026-05-12,19720,20350,19310,20390.7,19229.43,5.7,False,True,False,미돌파,0,0.0
213420,덕산네오룩스,2026-05-12,49400,52500,47250,52605.0,46824.64,10.99,False,True,False,미돌파,0,0.0
249420,일동제약,2026-05-12,22900,23350,21750,23396.7,21586.61,7.74,False,True,True,+1R,1,1.0
005690,파미셀,2026-05-12,18170,19950,16590,19989.9,16356.96,18.17,False,True,False,미돌파,0,0.0
248070,솔루엠,2026-05-12,21100,21350,19950,21392.7,19740.38,7.72,False,True,True,손절,4,-1.0
290650,엘앤씨바이오,2026-05-12,62200,64900,58200,65029.8,57416.79,11.71,False,True,False,미돌파,0,0.0
000370,한화손해보험,2026-05-12,6380,6800,6200,6813.6,6155.86,9.65,False,True,False,미돌파,0,0.0
034220,LG디스플레이,2026-05-12,12760,13190,12140,13216.38,12031.57,8.96,False,True,True,+1R,1,1.0
000100,유한양행,2026-05-12,84900,86200,82400,86372.4,82099.46,4.95,False,False,True,손절,4,-1.0
056080,유진로봇,2026-05-12,27400,30650,25800,30711.3,25491.43,17.0,False,True,False,미돌파,0,0.0
001450,현대해상,2026-05-13,30250,30950,29550,31011.9,29412.86,5.16,False,True,True,+1R,1,1.0
036810,에프에스티,2026-05-14,37600,37650,35200,37725.3,34864.11,7.58,True,True,False,미돌파,0,0.0
000670,영풍,2026-05-14,64100,64100,61400,64228.2,60887.86,5.2,True,True,True,손절,1,-1.0
263750,펄어비스,2026-05-14,50600,53700,49150,53807.4,48630.89,9.62,False,True,False,미돌파,0,0.0
083650,비에이치아이,2026-05-15,82900,86400,77600,86572.8,76806.07,11.28,False,True,False,미돌파,0,0.0
336570,원텍,2026-05-15,8080,8350,7780,8366.7,7700.29,7.97,False,True,False,미돌파,0,0.0
101160,월덱스,2026-05-18,27100,27400,25400,27454.8,25129.46,8.47,True,True,False,미돌파,0,0.0
032500,케이엠더블유,2026-05-19,31950,34600,31100,34669.2,30633.39,11.64,False,True,False,미돌파,0,0.0
310210,보로노이,2026-05-19,253500,258500,228500,259017.0,225387.5,12.98,False,True,False,미돌파,0,0.0
089860,롯데렌탈,2026-05-20,31450,31500,30850,31563.0,30675.36,2.81,True,False,True,손절,6,-1.0
058650,세아홀딩스,2026-05-20,155800,158700,152000,159017.4,150740.0,5.21,False,True,False,미돌파,0,0.0
000100,유한양행,2026-05-20,81500,82900,80000,83065.8,79508.75,4.28,False,False,True,+1R,2,1.0
012330,현대모비스,2026-05-20,535000,561000,515000,562122.0,506685.71,9.86,False,True,True,+1R,1,1.0
017800,현대엘리베이터,2026-05-22,84300,85400,81500,85570.8,80858.21,5.51,False,True,True,손절,3,-1.0
005300,롯데칠성,2026-05-22,113700,115300,112300,115530.6,111704.29,3.31,False,False,False,미돌파,0,0.0
059090,미코,2026-05-27,23250,25250,22300,25300.5,21946.32,13.26,False,True,False,미돌파,0,0.0
361610,SK아이이테크놀로지,2026-05-28,19750,20300,18780,20340.6,18567.54,8.72,False,True,False,미돌파,0,0.0
034220,LG디스플레이,2026-05-28,14420,16150,13750,16182.3,13518.25,16.46,False,True,True,시간손절,6,-0.3649706274281637
131290,티에스이,2026-05-28,205000,208500,179100,208917.0,175578.21,15.96,True,True,False,미돌파,0,0.0
035720,카카오,2026-05-28,40100,41300,38500,41382.6,38171.07,7.76,False,True,True,+1R,2,1.0
253450,스튜디오드래곤,2026-05-29,26450,27150,24600,27204.3,24342.86,10.52,False,True,False,미돌파,0,0.0
278470,에이피알,2026-05-29,395500,399000,379000,399798.0,374832.14,6.24,True,True,True,+1R,1,1.0
298040,효성중공업,2026-05-29,3685000,3740000,3565000,3747480.0,3522625.0,6.0,False,True,True,손절,2,-1.0
475150,SK이터닉스,2026-05-29,40100,46650,37600,46743.3,36972.68,20.9,False,True,False,미돌파,0,0.0
065350,신성델타테크,2026-05-29,44400,46200,43550,46292.4,43036.25,7.03,False,True,False,미돌파,0,0.0
137310,에스디바이오센서,2026-05-29,7780,7900,7510,7915.8,7444.43,5.95,False,True,False,미돌파,0,0.0
010950,S-Oil,2026-05-29,107400,108700,102100,108917.4,101143.21,7.14,False,True,False,미돌파,0,0.0
005490,POSCO홀딩스,2026-05-29,423500,424000,407500,424848.0,403283.93,5.08,True,True,True,손절,2,-1.0
003620,KG모빌리티,2026-05-29,3405,3495,3250,3501.99,3218.07,8.11,False,True,False,미돌파,0,0.0
131970,두산테스나,2026-05-29,157300,159200,140900,159518.4,137582.86,13.75,True,True,True,손절,4,-1.0
047810,한국항공우주,2026-05-29,168300,175200,165500,175550.4,164099.64,6.52,False,True,False,미돌파,0,0.0
259960,크래프톤,2026-05-29,257500,261000,249500,261522.0,247081.25,5.52,False,True,True,손절,2,-1.0
484870,엠앤씨솔루션,2026-06-01,24300,26300,23400,26352.6,23030.72,12.61,False,True,False,미돌파,0,0.0
051900,LG생활건강,2026-06-01,248500,259000,246500,259518.0,244584.82,5.75,False,True,False,미돌파,0,0.0
068760,셀트리온제약,2026-06-02,46200,46800,43600,46893.6,43209.46,7.86,True,True,True,손절,3,-1.0
466100,클로봇,2026-06-02,44896,47833,42623,47928.67,42043.04,12.28,False,True,False,미돌파,0,0.0
108320,LX세미콘,2026-06-05,51900,55000,51000,55110.0,50296.07,8.74,False,True,False,미돌파,0,0.0
036530,SNT홀딩스,2026-06-05,49350,49800,47800,49899.6,47447.5,4.91,False,False,False,미돌파,0,0.0
120110,코오롱인더,2026-06-08,60700,62000,57800,62124.0,57002.86,8.24,False,True,True,+1R,2,1.0
039200,오스코텍,2026-06-08,40600,44000,37300,44088.0,36650.18,16.87,False,True,False,미돌파,0,0.0
015760,한국전력,2026-06-09,36100,37500,35400,37575.0,35102.14,6.58,False,True,False,미돌파,0,0.0
069620,대웅제약,2026-06-09,118300,122650,114000,122895.3,112855.18,8.17,False,True,False,미돌파,0,0.0
000670,영풍,2026-06-10,45550,46150,44100,46242.3,43679.46,5.54,False,True,True,+1R,2,1.0
033780,KT&G,2026-06-11,185100,186100,181400,186472.2,180393.93,3.26,False,False,True,손절,5,-1.0
028300,HLB,2026-06-11,47400,49200,41900,49298.4,41304.82,16.21,False,True,False,미돌파,0,0.0
021240,코웨이,2026-06-11,92000,92400,86100,92584.8,85317.86,7.85,True,True,True,시간손절,6,-0.2180834542330636
001680,대상,2026-06-11,17810,18150,17570,18186.3,17476.84,3.9,False,False,True,+1R,1,1.0
078930,GS,2026-06-11,71700,73700,69600,73847.4,68993.04,6.57,False,True,True,+1R,3,1.0
067160,SOOP,2026-06-11,45500,46500,44700,46593.0,44339.46,4.84,False,False,True,+1R,1,1.0
353200,대덕전자,2026-06-12,165200,178500,151300,178857.0,148270.0,17.1,False,True,True,시간손절,6,-0.7374701670644391
055550,신한지주,2026-06-12,99600,105000,97700,105210.0,96871.79,7.93,False,True,True,시간손절,6,-0.5168972458988305
036810,에프에스티,2026-06-12,33200,34800,32300,34869.6,31843.57,8.68,False,True,False,미돌파,0,0.0
036530,SNT홀딩스,2026-06-16,52500,52800,50600,52905.6,50236.25,5.05,True,True,False,미돌파,0,0.0
439260,대한조선,2026-06-17,64900,67400,64200,67534.8,63683.57,5.7,False,True,False,미돌파,0,0.0
161890,한국콜마,2026-06-17,88400,90900,85200,91081.8,84483.21,7.24,False,True,False,미돌파,0,0.0
009540,HD한국조선해양,2026-06-19,419000,422000,406000,422844.0,402544.64,4.8,False,False,False,미돌파,0,0.0
041830,인바디,2026-06-19,46450,50000,45350,50100.0,44755.89,10.67,False,True,False,미돌파,0,0.0
000670,영풍,2026-06-19,45800,47150,44200,47244.3,43812.68,7.26,False,True,False,미돌파,0,0.0
081660,미스토홀딩스,2026-06-19,40800,42250,39550,42334.5,39150.89,7.52,False,True,False,미돌파,0,0.0
004370,농심,2026-06-19,364000,365500,352000,366231.0,349857.14,4.47,True,False,False,미돌파,0,0.0
006120,SK디스커버리,2026-06-23,44550,47150,42750,47244.3,42386.79,10.28,False,True,False,미돌파,0,0.0
003230,삼양식품,2026-06-23,1072000,1136000,1043000,1138272.0,1033400.0,9.21,False,True,False,미돌파,0,0.0
018670,SK가스,2026-06-23,214000,228000,208500,228456.0,206855.36,9.46,False,True,False,미돌파,0,0.0
420770,기가비스,2026-06-24,155800,165000,141000,165330.0,138168.21,16.43,False,True,True,+1R,4,1.0
014820,동원시스템즈,2026-06-24,19010,19370,18380,19408.74,18216.18,6.14,False,True,False,미돌파,0,0.0
002380,KCC,2026-06-24,479000,511000,470500,512022.0,463669.64,9.44,False,True,True,손절,6,-1.0
065350,신성델타테크,2026-06-26,28100,31000,27000,31062.0,26569.29,14.46,False,True,True,시간손절,6,-0.3254157524881554
376300,디어유,2026-06-26,19530,20250,19220,20290.5,19003.57,6.34,False,True,True,+1R,1,1.0
008060,대덕,2026-06-26,16200,16840,15420,16873.68,15220.29,9.8,False,True,False,미돌파,0,0.0
145020,휴젤,2026-06-26,252500,259000,244500,259518.0,241955.36,6.77,False,True,True,+1R,3,1.0
950160,코오롱티슈진,2026-06-29,97400,102300,89600,102504.6,88312.14,13.85,False,True,False,미돌파,0,0.0
119850,지엔씨에너지,2026-06-30,22700,23550,21300,23597.1,20991.75,11.04,False,True,True,+1R,1,1.0
067310,하나마이크론,2026-07-01,51300,54800,48600,54909.6,47800.18,12.95,False,True,False,미돌파,0,0.0
012450,한화에어로스페이스,2026-07-02,1116000,1197000,1096000,1199394.0,1084058.93,9.62,False,True,False,미돌파,0,0.0
144960,뉴파워프라즈마,2026-07-06,8800,9350,8380,9368.7,8258.61,11.85,False,True,False,미돌파,0,0.0
006650,대한유화,2026-07-09,101500,104500,99000,104709.0,97760.36,6.64,False,True,True,+1R,2,1.0
365340,성일하이텍,2026-07-09,34150,35350,33100,35420.7,32628.04,7.88,False,True,True,손절,3,-1.0
272210,한화시스템,2026-07-09,64700,69100,63500,69238.2,62424.29,9.84,False,True,True,손절,3,-1.0
036830,솔브레인홀딩스,2026-07-09,33750,34650,32400,34719.3,31974.11,7.91,False,True,True,손절,3,-1.0
087010,펩트론,2026-07-13,108200,122200,104000,122444.4,100364.64,18.03,False,True,False,미돌파,0,0.0
064760,티씨케이,2026-07-14,236500,241000,208500,241482.0,204187.5,15.44,True,True,True,손절,4,-1.0
062040,산일전기,2026-07-14,168600,170900,155000,171241.8,151686.07,11.42,True,True,True,시간손절,6,-0.23224908156250834
009150,삼성전기,2026-07-14,1260000,1330000,1163000,1332660.0,1131789.29,15.07,False,True,True,시간손절,6,0.06143254900984641
196170,알테오젠,2026-07-15,221987,227373,209291,227827.75,205935.63,9.61,False,True,False,미돌파,0,0.0
053800,안랩,2026-07-20,52100,53100,51600,53206.2,51281.79,3.62,False,False,True,+1R,5,1.0
014680,한솔케미칼,2026-07-20,244000,256000,232500,256512.0,228814.29,10.8,False,True,False,미돌파,0,0.0
120110,코오롱인더,2026-07-21,49600,50700,43750,50801.4,43116.79,15.13,False,True,True,시간손절,6,-0.09127328632536648
000670,영풍,2026-07-21,33650,35600,32700,35671.2,32346.96,9.32,False,True,False,미돌파,0,0.0
023590,다우기술,2026-07-22,37100,38500,35850,38577.0,35528.04,7.9,False,True,True,손절,4,-1.0
420770,기가비스,2026-07-23,130100,144500,126600,144789.0,123459.11,14.73,False,True,False,미돌파,0,0.0
388720,유일로보틱스,2026-07-29,60200,61700,53800,61823.4,52918.75,14.4,True,True,False,미돌파,0,0.0
029780,삼성카드,2026-07-29,47400,49850,46700,49949.7,46393.04,7.12,False,True,False,미돌파,0,0.0
068270,셀트리온,2026-07-29,180000,188800,177300,189177.6,176218.93,6.85,False,True,True,시간손절,6,0.08661381733356661
211050,인카금융서비스,2026-07-30,9490,9760,9000,9779.52,8916.43,8.83,False,True,True,+1R,5,1.0
214370,케어젠,2026-07-30,49300,53700,48450,53807.4,47646.96,11.45,False,True,True,+1R,2,1.0
008770,호텔신라,2026-07-30,42850,45400,42300,45490.8,41899.29,7.9,False,True,True,손절,2,-1.0
271560,오리온,2026-07-30,135300,143900,133300,144187.8,132335.71,8.22,False,True,False,미돌파,0,0.0
032830,삼성생명,2026-07-30,264000,280000,257000,280560.0,253113.39,9.78,False,True,True,+1R,1,1.0
008770,호텔신라,2026-07-31,43550,46800,42000,46893.6,41577.32,11.34,False,True,False,미돌파,0,0.0
007070,GS리테일,2026-07-31,24750,25600,24150,25651.2,23900.36,6.83,False,True,False,미돌파,0,0.0
012750,에스원,2026-07-31,71200,72900,70200,73045.8,69787.5,4.46,False,False,True,+1R,5,1.0
014620,성광벤드,2026-07-31,26750,27250,25750,27304.5,25433.39,6.85,False,True,True,손절,1,-1.0
361610,SK아이이테크놀로지,2026-07-31,13260,13470,12530,13496.94,12393.71,8.17,False,True,True,+1R,3,1.0
078930,GS,2026-07-31,89000,89900,69500,90079.8,68383.57,24.09,True,True,False,미돌파,0,0.0
111770,영원무역,2026-07-31,89400,92400,85000,92584.8,84222.14,9.03,False,True,False,미돌파,0,0.0
002790,아모레퍼시픽홀딩스,2026-07-31,25500,25650,24350,25701.3,24168.39,5.96,True,True,True,+1R,5,1.0
047050,포스코인터내셔널,2026-07-31,52200,52700,49900,52805.4,49393.21,6.46,False,True,False,미돌파,0,0.0
443060,HD현대마린솔루션,2026-07-31,184000,187700,179100,188075.4,176915.36,5.93,False,True,False,미돌파,0,0.0
475150,SK이터닉스,2026-07-31,45450,49400,43850,49498.8,42253.57,14.64,False,True,False,미돌파,0,0.0
192080,더블유게임즈,2026-07-31,60100,61400,57600,61522.8,57178.93,7.06,False,True,False,미돌파,0,0.0
082740,한화엔진,2026-08-03,38000,38650,35800,38727.3,35088.04,9.4,False,True,True,+1R,2,1.0
044490,태웅,2026-08-03,26700,27800,26100,27855.6,25680.86,7.81,False,True,True,+1R,3,1.0
008770,호텔신라,2026-08-04,41500,41600,40050,41683.2,39649.29,4.88,True,False,True,+1R,4,1.0
001450,현대해상,2026-08-04,36800,37450,35000,37524.9,34625.0,7.73,False,True,True,+1R,4,1.0
450080,에코프로머티,2026-08-07,35950,37800,34200,37875.6,33746.25,10.9,False,True,True,시간손절,1,0.1875355685519517
